Id,Name,ProgramApi__Active__c,ProgramApi__End_Date__c,ProgramApi__Is_Maintenance__c,ProgramApi__Profile__c,ProgramApi__Start_Date__c,ProgramApi__Profile__r.Name
a1u4W0000048oZXQAY,PT-00026,true,,false,a1t4W000004RvIRQA0,2020-03-30,PP-00018
a1u4W0000048oZZQAY,PT-00028,true,,false,a1t4W000004RvITQA0,2020-03-31,PP-00020
a1u4W0000048oZaQAI,PT-00029,true,,false,a1t4W000004RvIUQA0,2020-03-31,PP-00021
a1u4W0000048oZbQAI,PT-00030,true,,false,a1t4W000004RvIVQA0,2020-03-31,PP-00022
a1u4W0000048oZcQAI,PT-00031,true,,false,a1t4W000004RvIWQA0,2020-03-31,PP-00023
a1u4W0000048oZdQAI,PT-00032,true,,false,a1t4W000004RvIXQA0,2020-04-08,PP-00024
a1u4W0000048oZeQAI,PT-00033,true,,false,a1t4W000004RvIYQA0,2020-04-08,PP-00025
a1u4W0000048oZfQAI,PT-00034,true,,false,a1t4W000004RvIZQA0,2020-04-08,PP-00026
a1u4W0000048oZgQAI,PT-00035,true,,false,a1t4W000004RvIaQAK,2020-04-08,PP-00027
a1u4W0000048oZhQAI,PT-00036,true,,false,a1t4W000004RvIbQAK,2020-04-08,PP-00028
a1u4W0000048oZiQAI,PT-00042,true,,false,a1t4W000004RvIhQAK,2020-05-20,PP-00034
a1u4W0000048oZjQAI,PT-00037,true,,false,a1t4W000004RvIcQAK,2020-04-20,PP-00029
a1u4W0000048oZkQAI,PT-00038,true,,false,a1t4W000004RvIdQAK,2020-04-20,PP-00030
a1u4W0000048oZlQAI,PT-00039,true,,false,a1t4W000004RvIfQAK,2020-04-20,PP-00031
a1u4W0000048oZmQAI,PT-00040,true,,false,a1t4W000004RvIgQAK,2020-04-20,PP-00032
a1u4W0000048oZnQAI,PT-00041,true,,false,a1t4W000004RvIeQAK,2020-04-20,PP-00033
a1u4W0000048oZoQAI,PT-00013,true,,false,a1t4W000004RvIiQAK,2017-10-11,PP-00009
a1u4W0000048oZpQAI,PT-00014,true,,false,a1t4W000004RvIlQAK,2017-09-25,PP-00015
a1u4W0000048oZqQAI,PT-00015,true,,false,a1t4W000004RvImQAK,2017-09-25,PP-00016
a1u4W0000048oZzQAI,PT-00016,true,,false,,2018-03-19,
a1u4W0000048oZvQAI,PT-00017,true,,false,,2017-11-20,
a1u4W0000048oZrQAI,PT-00019,true,,false,a1t4W000004RvIjQAK,2017-12-19,PP-00011
a1u4W0000048oZsQAI,PT-00020,true,,false,a1t4W000004RvIkQAK,2017-12-19,PP-00012
a1u4W0000048oZtQAI,PT-00021,false,,false,a1t4W000004RvIkQAK,,PP-00012
a1u4W0000048oZYQAY,PT-00027,true,,false,a1t4W000004RvISQA0,2020-03-31,PP-00019
a1u4W0000048oZuQAI,PT-00022,false,,false,a1t4W000004RvIkQAK,,PP-00012
a1u4W0000048oZwQAI,PT-00023,true,,false,,2017-12-19,
a1u4W0000048oZxQAI,PT-00024,true,,false,,2017-12-20,
a1u4W0000048oZyQAI,PT-00025,false,,false,,,
