Id,External_Id__c
a1g4W000002nWTkQAM,1
a1g4W000002nWTZQA2,2
a1g4W000002nWTaQAM,3
a1g4W000002nWTlQAM,4
a1g4W000002nWTjQAM,5
a1g4W000002nWTeQAM,6
a1g4W000002nWTmQAM,7
a1g4W000002nWTnQAM,8
a1g4W000002nWToQAM,9
a1g4W000002nWTpQAM,10
a1g4W000002nWTqQAM,11
a1g4W000002nWU2QAM,12
a1g4W000002nWTwQAM,13
a1g4W000002nWU3QAM,14
a1g4W000002nWU0QAM,15
a1g4W000002nWU4QAM,16
a1g4W000002nWTxQAM,17
a1g4W000002nWTyQAM,18
a1g4W000002nWTzQAM,19
a1g4W000002nWU1QAM,20
a1g4W000002nWThQAM,21
a1g4W000002nWTiQAM,22
a1g4W000002nWTrQAM,23
a1g4W000002nWTsQAM,24
a1g4W000002nWTtQAM,25
a1g4W000002nWTfQAM,26
a1g4W000002nWTuQAM,27
a1g4W000002nWTgQAM,28
a1g4W000002nWTvQAM,29
