Id,ProgramApi__Profile__c,Name,ProgramApi__Active__c,ProgramApi__End_Date__c,ProgramApi__Is_Maintenance__c,ProgramApi__Start_Date__c,ProgramApi__Profile__r.Id
a1u4W000004LLH0QAO,a1t4W0000051F03QAE,PT-00026,true,,false,2020-03-30,a1t4W0000051F03QAE
a1u4W000004LLH1QAO,a1t4W0000051F04QAE,PT-00027,true,,false,2020-03-31,a1t4W0000051F04QAE
a1u4W000004LLH2QAO,a1t4W0000051F05QAE,PT-00028,true,,false,2020-03-31,a1t4W0000051F05QAE
a1u4W000004LLH3QAO,a1t4W0000051F06QAE,PT-00029,true,,false,2020-03-31,a1t4W0000051F06QAE
a1u4W000004LLH4QAO,a1t4W0000051F07QAE,PT-00030,true,,false,2020-03-31,a1t4W0000051F07QAE
a1u4W000004LLH5QAO,a1t4W0000051F08QAE,PT-00031,true,,false,2020-03-31,a1t4W0000051F08QAE
a1u4W000004LLH6QAO,a1t4W0000051F09QAE,PT-00032,true,,false,2020-04-08,a1t4W0000051F09QAE
a1u4W000004LLH7QAO,a1t4W0000051F0AQAU,PT-00033,true,,false,2020-04-08,a1t4W0000051F0AQAU
a1u4W000004LLH8QAO,a1t4W0000051F0BQAU,PT-00034,true,,false,2020-04-08,a1t4W0000051F0BQAU
a1u4W000004LLH9QAO,a1t4W0000051F0CQAU,PT-00035,true,,false,2020-04-08,a1t4W0000051F0CQAU
a1u4W000004LLHAQA4,a1t4W0000051F0DQAU,PT-00036,true,,false,2020-04-08,a1t4W0000051F0DQAU
a1u4W000004LLHBQA4,a1t4W0000051F0JQAU,PT-00042,true,,false,2020-05-20,a1t4W0000051F0JQAU
a1u4W000004LLHCQA4,a1t4W0000051F0EQAU,PT-00037,true,,false,2020-04-20,a1t4W0000051F0EQAU
a1u4W000004LLHDQA4,a1t4W0000051F0FQAU,PT-00038,true,,false,2020-04-20,a1t4W0000051F0FQAU
a1u4W000004LLHEQA4,a1t4W0000051F0HQAU,PT-00039,true,,false,2020-04-20,a1t4W0000051F0HQAU
a1u4W000004LLHFQA4,a1t4W0000051F0IQAU,PT-00040,true,,false,2020-04-20,a1t4W0000051F0IQAU
a1u4W000004LLHGQA4,a1t4W0000051F0GQAU,PT-00041,true,,false,2020-04-20,a1t4W0000051F0GQAU
a1u4W000004LLHHQA4,a1t4W0000051F0KQAU,PT-00013,true,,false,2017-10-11,a1t4W0000051F0KQAU
a1u4W000004LLHIQA4,a1t4W0000051F0NQAU,PT-00014,true,,false,2017-09-25,a1t4W0000051F0NQAU
a1u4W000004LLHJQA4,a1t4W0000051F0OQAU,PT-00015,true,,false,2017-09-25,a1t4W0000051F0OQAU
a1u4W000004LLHSQA4,,PT-00016,true,,false,2018-03-19,
a1u4W000004LLHOQA4,,PT-00017,true,,false,2017-11-20,
a1u4W000004LLHKQA4,a1t4W0000051F0LQAU,PT-00019,true,,false,2017-12-19,a1t4W0000051F0LQAU
a1u4W000004LLHLQA4,a1t4W0000051F0MQAU,PT-00020,true,,false,2017-12-19,a1t4W0000051F0MQAU
a1u4W000004LLHMQA4,a1t4W0000051F0MQAU,PT-00021,false,,false,,a1t4W0000051F0MQAU
a1u4W000004LLHNQA4,a1t4W0000051F0MQAU,PT-00022,false,,false,,a1t4W0000051F0MQAU
a1u4W000004LLHPQA4,,PT-00023,true,,false,2017-12-19,
a1u4W000004LLHQQA4,,PT-00024,true,,false,2017-12-20,
a1u4W000004LLHRQA4,,PT-00025,false,,false,,
