Id,External_Id__c,OrderApi__Sales_Order__c,OrderApi__Sales_Order__r.External_Id__c
a124W00000LbEqUQAV,1,,
a124W00000LbEqVQAV,2,,
a124W00000LbEqWQAV,3,,
a124W00000LbEqXQAV,4,,
a124W00000LbEqYQAV,5,,
a124W00000LbEqZQAV,6,,
a124W00000LbEqaQAF,7,,
a124W00000LbEqbQAF,8,,
a124W00000LbEqcQAF,9,,
a124W00000LbEqdQAF,10,,
a124W00000LbEtOQAV,11,,
a124W00000LbEtPQAV,12,,
a124W00000LbEtQQAV,13,,
a124W00000LbEtRQAV,14,,
a124W00000LbEtSQAV,15,,
a124W00000LbEtTQAV,16,,
a124W00000LbEtUQAV,17,,
a124W00000LbEtVQAV,18,,
a124W00000LbEtWQAV,19,,
a124W00000LbEtXQAV,20,,
a124W00000LbEtYQAV,21,,
a124W00000LbEtZQAV,22,,
a124W00000LbEtaQAF,23,,
a124W00000LbEtbQAF,24,,
a124W00000LbEwvQAF,25,,
a124W00000LbEwwQAF,26,,
a124W00000LbEwxQAF,27,,
a124W00000LbEwyQAF,28,,
a124W00000LbEwzQAF,29,,
a124W00000LbEx0QAF,30,,
a124W00000LbEx1QAF,31,,
a124W00000LbEx2QAF,32,,
a124W00000LbEx3QAF,33,,
a124W00000LbEx4QAF,34,,
a124W00000LbEx5QAF,35,,
a124W00000LbEx6QAF,36,,
a124W00000LbEx7QAF,37,,
a124W00000LbEx8QAF,38,,
a124W00000LbEqeQAF,39,,
a124W00000LbEqfQAF,40,,
a124W00000LbEqgQAF,41,,
a124W00000LbEqhQAF,42,,
a124W00000LbEqiQAF,43,,
a124W00000LbEqjQAF,44,,
a124W00000LbEqkQAF,45,,
a124W00000LbEqlQAF,46,,
a124W00000LbEqmQAF,47,,
a124W00000LbEqnQAF,48,,
a124W00000LbEqoQAF,49,,
a124W00000LbEqpQAF,50,,
a124W00000LbEtcQAF,51,,
a124W00000LbEtdQAF,52,,
a124W00000LbEteQAF,53,,
a124W00000LbEtfQAF,54,,
a124W00000LbEtgQAF,55,,
a124W00000LbEthQAF,56,,
a124W00000LbEtiQAF,57,,
a124W00000LbEtjQAF,58,,
a124W00000LbEtkQAF,59,,
a124W00000LbEtlQAF,60,,
a124W00000LbEtmQAF,61,,
a124W00000LbEtnQAF,62,,
a124W00000LbEtoQAF,63,,
a124W00000LbEtpQAF,64,,
a124W00000LbEx9QAF,65,,
a124W00000LbExAQAV,66,,
a124W00000LbExBQAV,67,,
a124W00000LbExCQAV,68,,
a124W00000LbExDQAV,69,,
a124W00000LbExHQAV,70,,
a124W00000LbExIQAV,71,,
a124W00000LbExJQAV,72,,
a124W00000LbExKQAV,73,,
a124W00000LbExLQAV,74,,
a124W00000LbExMQAV,75,,
a124W00000LbExNQAV,76,,
a124W00000LbExOQAV,77,,
a124W00000LbExPQAV,78,,
a124W00000LbExQQAV,79,,
a124W00000LbExRQAV,80,,
a124W00000LbEqqQAF,81,,
a124W00000LbEqrQAF,82,,
a124W00000LbEqsQAF,83,,
a124W00000LbEqtQAF,84,,
a124W00000LbEquQAF,85,,
a124W00000LbEqvQAF,86,,
a124W00000LbEqwQAF,87,,
a124W00000LbEqxQAF,88,,
a124W00000LbEqyQAF,89,,
a124W00000LbEqzQAF,90,,
a124W00000LbEr0QAF,91,,
a124W00000LbEr1QAF,92,,
a124W00000LbEtrQAF,93,,
a124W00000LbEtsQAF,94,,
a124W00000LbEttQAF,95,,
a124W00000LbEtuQAF,96,,
a124W00000LbEtvQAF,97,,
a124W00000LbEtwQAF,98,,
a124W00000LbEtxQAF,99,,
a124W00000LbEtyQAF,100,,
a124W00000LbEtzQAF,101,,
a124W00000LbEu0QAF,102,,
a124W00000LbEu1QAF,103,,
a124W00000LbEu2QAF,104,,
a124W00000LbEu3QAF,105,,
a124W00000LbEtqQAF,106,,
a124W00000LbExSQAV,107,,
a124W00000LbExTQAV,108,,
a124W00000LbExUQAV,109,,
a124W00000LbExVQAV,110,,
a124W00000LbExWQAV,111,,
a124W00000LbExEQAV,112,,
a124W00000LbExFQAV,113,,
a124W00000LbExGQAV,114,,
a124W00000LbExXQAV,115,,
a124W00000LbExYQAV,116,,
a124W00000LbExZQAV,117,,
a124W00000LbExaQAF,118,,
a124W00000LbEr2QAF,119,,
a124W00000LbEr3QAF,120,,
a124W00000LbEr4QAF,121,,
a124W00000LbEr5QAF,122,,
a124W00000LbEr6QAF,123,,
a124W00000LbEr7QAF,124,,
a124W00000LbEr8QAF,125,,
a124W00000LbEr9QAF,126,,
a124W00000LbErAQAV,127,,
a124W00000LbErBQAV,128,,
a124W00000LbErCQAV,129,,
a124W00000LbErDQAV,130,,
a124W00000LbEu4QAF,131,,
a124W00000LbEu5QAF,132,,
a124W00000LbEu6QAF,133,,
a124W00000LbEu7QAF,134,,
a124W00000LbEu8QAF,135,,
a124W00000LbEu9QAF,136,,
a124W00000LbEuAQAV,137,,
a124W00000LbEuBQAV,138,,
a124W00000LbEuCQAV,139,,
a124W00000LbEuDQAV,140,,
a124W00000LbEuEQAV,141,,
a124W00000LbEuFQAV,142,,
a124W00000LbEuGQAV,143,,
a124W00000LbEuHQAV,144,,
a124W00000LbErEQAV,145,,
a124W00000LbErFQAV,146,,
a124W00000LbErGQAV,147,,
a124W00000LbErHQAV,148,,
a124W00000LbErIQAV,149,,
a124W00000LbEsbQAF,150,,
a124W00000LbEscQAF,151,,
a124W00000LbEsdQAF,152,,
a124W00000LbEseQAF,153,,
a124W00000LbEsfQAF,154,,
a124W00000LbEsgQAF,155,,
a124W00000LbEuIQAV,156,,
a124W00000LbEuJQAV,157,,
a124W00000LbEuKQAV,158,,
a124W00000LbEuLQAV,159,,
a124W00000LbEuMQAV,160,,
a124W00000LbEuNQAV,161,,
a124W00000LbEuOQAV,162,,
a124W00000LbEuPQAV,163,,
a124W00000LbEuQQAV,164,,
a124W00000LbEuRQAV,165,,
a124W00000LbEuSQAV,166,,
a124W00000LbEuTQAV,167,,
a124W00000LbEuUQAV,168,,
a124W00000LbEuVQAV,169,,
a124W00000LbEshQAF,170,,
a124W00000LbEsiQAF,171,,
a124W00000LbEsjQAF,172,,
a124W00000LbEskQAF,173,,
a124W00000LbEslQAF,174,,
a124W00000LbEomQAF,175,,
a124W00000LbEsmQAF,176,,
a124W00000LbEsnQAF,177,,
a124W00000LbEolQAF,178,,
a124W00000LbEonQAF,179,,
a124W00000LbErJQAV,180,,
a124W00000LbEuWQAV,181,,
a124W00000LbEuXQAV,182,,
a124W00000LbEuYQAV,183,,
a124W00000LbEuZQAV,184,,
a124W00000LbEuaQAF,185,,
a124W00000LbEubQAF,186,,
a124W00000LbEucQAF,187,,
a124W00000LbEudQAF,188,,
a124W00000LbEueQAF,189,,
a124W00000LbEufQAF,190,,
a124W00000LbEugQAF,191,,
a124W00000LbEuhQAF,192,,
a124W00000LbEuiQAF,193,,
a124W00000LbEujQAF,194,,
a124W00000LbErKQAV,195,,
a124W00000LbErLQAV,196,,
a124W00000LbErMQAV,197,,
a124W00000LbErNQAV,198,,
a124W00000LbErOQAV,199,,
a124W00000LbErPQAV,200,,
a124W00000LbErQQAV,201,,
a124W00000LbErRQAV,202,,
a124W00000LbErSQAV,203,,
a124W00000LbErTQAV,204,,
a124W00000LbEukQAF,205,,
a124W00000LbEulQAF,206,,
a124W00000LbEumQAF,207,,
a124W00000LbEunQAF,208,,
a124W00000LbEuoQAF,209,,
a124W00000LbEupQAF,210,,
a124W00000LbEuqQAF,211,,
a124W00000LbEurQAF,212,,
a124W00000LbEusQAF,213,,
a124W00000LbEutQAF,214,,
a124W00000LbEuuQAF,215,,
a124W00000LbEuvQAF,216,,
a124W00000LbEuwQAF,217,,
a124W00000LbEuxQAF,218,,
a124W00000LbEosQAF,219,,
a124W00000LbEotQAF,220,,
a124W00000LbEouQAF,221,,
a124W00000LbEovQAF,222,,
a124W00000LbErUQAV,223,,
a124W00000LbErVQAV,224,,
a124W00000LbErXQAV,225,,
a124W00000LbEraQAF,226,,
a124W00000LbErbQAF,227,,
a124W00000LbErcQAF,228,,
a124W00000LbErdQAF,229,,
a124W00000LbEreQAF,230,,
a124W00000LbEuyQAF,231,,
a124W00000LbEuzQAF,232,,
a124W00000LbEv0QAF,233,,
a124W00000LbEv1QAF,234,,
a124W00000LbEv2QAF,235,,
a124W00000LbEv3QAF,236,,
a124W00000LbEv4QAF,237,,
a124W00000LbEv5QAF,238,,
a124W00000LbEv6QAF,239,,
a124W00000LbEv7QAF,240,,
a124W00000LbEv8QAF,241,,
a124W00000LbEv9QAF,242,,
a124W00000LbEvAQAV,243,,
a124W00000LbEvBQAV,244,,
a124W00000LbEowQAF,245,,
a124W00000LbEoxQAF,246,,
a124W00000LbEoyQAF,247,,
a124W00000LbEozQAF,248,,
a124W00000LbEp0QAF,249,,
a124W00000LbEp1QAF,250,,
a124W00000LbEp2QAF,251,,
a124W00000LbEp3QAF,252,,
a124W00000LbEp4QAF,253,,
a124W00000LbEp5QAF,254,,
a124W00000LbEp6QAF,255,,
a124W00000LbEp7QAF,256,,
a124W00000LbErgQAF,257,,
a124W00000LbErhQAF,258,,
a124W00000LbErfQAF,259,,
a124W00000LbEriQAF,260,,
a124W00000LbErjQAF,261,,
a124W00000LbErkQAF,262,,
a124W00000LbErlQAF,263,,
a124W00000LbErmQAF,264,,
a124W00000LbErWQAV,265,,
a124W00000LbErnQAF,266,,
a124W00000LbEroQAF,267,,
a124W00000LbErpQAF,268,,
a124W00000LbEvCQAV,269,,
a124W00000LbEvDQAV,270,,
a124W00000LbEvEQAV,271,,
a124W00000LbEvFQAV,272,,
a124W00000LbEvGQAV,273,,
a124W00000LbEvHQAV,274,,
a124W00000LbEvIQAV,275,,
a124W00000LbEvJQAV,276,,
a124W00000LbEvKQAV,277,,
a124W00000LbEvLQAV,278,,
a124W00000LbEvMQAV,279,,
a124W00000LbEvNQAV,280,,
a124W00000LbEvOQAV,281,,
a124W00000LbEvPQAV,282,,
a124W00000LbEp8QAF,283,,
a124W00000LbEp9QAF,284,,
a124W00000LbEpAQAV,285,,
a124W00000LbEpBQAV,286,,
a124W00000LbEpEQAV,287,,
a124W00000LbEpFQAV,288,,
a124W00000LbEpGQAV,289,,
a124W00000LbEpHQAV,290,,
a124W00000LbEpIQAV,291,,
a124W00000LbEpJQAV,292,,
a124W00000LbEpKQAV,293,,
a124W00000LbEpLQAV,294,,
a124W00000LbErqQAF,295,,
a124W00000LbErrQAF,296,,
a124W00000LbErsQAF,297,,
a124W00000LbErtQAF,298,,
a124W00000LbEruQAF,299,,
a124W00000LbErvQAF,300,,
a124W00000LbErwQAF,301,,
a124W00000LbErxQAF,302,,
a124W00000LbEryQAF,303,,
a124W00000LbErYQAV,304,,
a124W00000LbErZQAV,305,,
a124W00000LbErzQAF,306,,
a124W00000LbEvQQAV,307,,
a124W00000LbEvRQAV,308,,
a124W00000LbEvSQAV,309,,
a124W00000LbEvTQAV,310,,
a124W00000LbEvUQAV,311,,
a124W00000LbEvVQAV,312,,
a124W00000LbEvWQAV,313,,
a124W00000LbEvXQAV,314,,
a124W00000LbEvYQAV,315,,
a124W00000LbEvZQAV,316,,
a124W00000LbEvaQAF,317,,
a124W00000LbEvbQAF,318,,
a124W00000LbEvcQAF,319,,
a124W00000LbEvdQAF,320,,
a124W00000LbEpZQAV,321,,
a124W00000LbEpaQAF,322,,
a124W00000LbEpMQAV,323,,
a124W00000LbEpNQAV,324,,
a124W00000LbEpOQAV,325,,
a124W00000LbEpPQAV,326,,
a124W00000LbEpQQAV,327,,
a124W00000LbEpCQAV,328,,
a124W00000LbEpDQAV,329,,
a124W00000LbEpWQAV,330,,
a124W00000LbEpXQAV,331,,
a124W00000LbEpYQAV,332,,
a124W00000LbEs0QAF,333,,
a124W00000LbEs1QAF,334,,
a124W00000LbEs2QAF,335,,
a124W00000LbEs3QAF,336,,
a124W00000LbEs4QAF,337,,
a124W00000LbEs5QAF,338,,
a124W00000LbEs6QAF,339,,
a124W00000LbEs7QAF,340,,
a124W00000LbEs8QAF,341,,
a124W00000LbEs9QAF,342,,
a124W00000LbEsAQAV,343,,
a124W00000LbEsBQAV,344,,
a124W00000LbEveQAF,345,,
a124W00000LbEvfQAF,346,,
a124W00000LbEvgQAF,347,,
a124W00000LbEvhQAF,348,,
a124W00000LbEviQAF,349,,
a124W00000LbEvjQAF,350,,
a124W00000LbEvkQAF,351,,
a124W00000LbEvlQAF,352,,
a124W00000LbEvmQAF,353,,
a124W00000LbEvnQAF,354,,
a124W00000LbEvoQAF,355,,
a124W00000LbEvpQAF,356,,
a124W00000LbEvqQAF,357,,
a124W00000LbEvrQAF,358,,
a124W00000LbEpbQAF,359,,
a124W00000LbEpcQAF,360,,
a124W00000LbEpdQAF,361,,
a124W00000LbEpeQAF,362,,
a124W00000LbEpfQAF,363,,
a124W00000LbEpVQAV,364,,
a124W00000LbEpRQAV,365,,
a124W00000LbEpSQAV,366,,
a124W00000LbEpTQAV,367,,
a124W00000LbEpUQAV,368,,
a124W00000LbEphQAF,369,,
a124W00000LbEpiQAF,370,,
a124W00000LbEsCQAV,371,,
a124W00000LbEsDQAV,372,,
a124W00000LbEsEQAV,373,,
a124W00000LbEsFQAV,374,,
a124W00000LbEsGQAV,375,,
a124W00000LbEsHQAV,376,,
a124W00000LbEsIQAV,377,,
a124W00000LbEsJQAV,378,,
a124W00000LbEsKQAV,379,,
a124W00000LbEsLQAV,380,,
a124W00000LbEsMQAV,381,,
a124W00000LbEvsQAF,382,,
a124W00000LbEvtQAF,383,,
a124W00000LbEvuQAF,384,,
a124W00000LbEvvQAF,385,,
a124W00000LbEvwQAF,386,,
a124W00000LbEvxQAF,387,,
a124W00000LbEvyQAF,388,,
a124W00000LbEvzQAF,389,,
a124W00000LbEw0QAF,390,,
a124W00000LbEw1QAF,391,,
a124W00000LbEw2QAF,392,,
a124W00000LbEw3QAF,393,,
a124W00000LbEw4QAF,394,,
a124W00000LbEw5QAF,395,,
a124W00000LbEpjQAF,396,,
a124W00000LbEpkQAF,397,,
a124W00000LbEplQAF,398,,
a124W00000LbEpmQAF,399,,
a124W00000LbEpnQAF,400,,
a124W00000LbEpoQAF,401,,
a124W00000LbEppQAF,402,,
a124W00000LbEpgQAF,403,,
a124W00000LbEprQAF,404,,
a124W00000LbEpsQAF,405,,
a124W00000LbEptQAF,406,,
a124W00000LbEpuQAF,407,,
a124W00000LbEsNQAV,408,,
a124W00000LbEsOQAV,409,,
a124W00000LbEsPQAV,410,,
a124W00000LbEsQQAV,411,,
a124W00000LbEsRQAV,412,,
a124W00000LbEsSQAV,413,,
a124W00000LbEsTQAV,414,,
a124W00000LbEsUQAV,415,,
a124W00000LbEw6QAF,416,,
a124W00000LbEw7QAF,417,,
a124W00000LbEw8QAF,418,,
a124W00000LbEw9QAF,419,,
a124W00000LbEwAQAV,420,,
a124W00000LbEwBQAV,421,,
a124W00000LbEwCQAV,422,,
a124W00000LbEwDQAV,423,,
a124W00000LbEwEQAV,424,,
a124W00000LbEwFQAV,425,,
a124W00000LbEpvQAF,426,,
a124W00000LbEpwQAF,427,,
a124W00000LbEpxQAF,428,,
a124W00000LbEpyQAF,429,,
a124W00000LbEpzQAF,430,,
a124W00000LbEq0QAF,431,,
a124W00000LbEq1QAF,432,,
a124W00000LbEq2QAF,433,,
a124W00000LbEpqQAF,434,,
a124W00000LbEq3QAF,435,,
a124W00000LbEq4QAF,436,,
a124W00000LbEq5QAF,437,,
a124W00000LbEsVQAV,438,,
a124W00000LbEsWQAV,439,,
a124W00000LbEsZQAV,440,,
a124W00000LbEsYQAV,441,,
a124W00000LbEsXQAV,442,,
a124W00000LbEsaQAF,443,,
a124W00000LbEsoQAF,444,,
a124W00000LbEspQAF,445,,
a124W00000LbEsqQAF,446,,
a124W00000LbEsrQAF,447,,
a124W00000LbEssQAF,448,,
a124W00000LbEstQAF,449,,
a124W00000LbEsuQAF,450,,
a124W00000LbEsvQAF,451,,
a124W00000LbEwGQAV,452,,
a124W00000LbEwHQAV,453,,
a124W00000LbEwIQAV,454,,
a124W00000LbEwJQAV,455,,
a124W00000LbEwKQAV,456,,
a124W00000LbEwLQAV,457,,
a124W00000LbEwMQAV,458,,
a124W00000LbEwNQAV,459,,
a124W00000LbEwOQAV,460,,
a124W00000LbEwPQAV,461,,
a124W00000LbEwQQAV,462,,
a124W00000LbEwRQAV,463,,
a124W00000LbEwSQAV,464,,
a124W00000LbEwTQAV,465,,
a124W00000LbEq6QAF,466,,
a124W00000LbEq7QAF,467,,
a124W00000LbEq8QAF,468,,
a124W00000LbEq9QAF,469,,
a124W00000LbEqAQAV,470,,
a124W00000LbEqBQAV,471,,
a124W00000LbEqCQAV,472,,
a124W00000LbEqDQAV,473,,
a124W00000LbEqEQAV,474,,
a124W00000LbEqFQAV,475,,
a124W00000LbEqGQAV,476,,
a124W00000LbEqHQAV,477,,
a124W00000LbEswQAF,478,,
a124W00000LbEsxQAF,479,,
a124W00000LbEsyQAF,480,,
a124W00000LbEszQAF,481,,
a124W00000LbEt0QAF,482,,
a124W00000LbEt1QAF,483,,
a124W00000LbEt2QAF,484,,
a124W00000LbEt3QAF,485,,
a124W00000LbEt4QAF,486,,
a124W00000LbEt5QAF,487,,
a124W00000LbEt6QAF,488,,
a124W00000LbEt7QAF,489,,
a124W00000LbEt8QAF,490,,
a124W00000LbEt9QAF,491,,
a124W00000LbEwUQAV,492,,
a124W00000LbEwVQAV,493,,
a124W00000LbEwWQAV,494,,
a124W00000LbEwXQAV,495,,
a124W00000LbEwYQAV,496,,
a124W00000LbEwZQAV,497,,
a124W00000LbEwaQAF,498,,
a124W00000LbEwbQAF,499,,
a124W00000LbEwcQAF,500,,
a124W00000LbEwdQAF,501,,
a124W00000LbEweQAF,502,,
a124W00000LbEwfQAF,503,,
a124W00000LbEwgQAF,504,,
a124W00000LbEwhQAF,505,,
a124W00000LbEqIQAV,506,,
a124W00000LbEqJQAV,507,,
a124W00000LbEqKQAV,508,,
a124W00000LbEqLQAV,509,,
a124W00000LbEqMQAV,510,,
a124W00000LbEqNQAV,511,,
a124W00000LbEqOQAV,512,,
a124W00000LbEqPQAV,513,,
a124W00000LbEqQQAV,514,,
a124W00000LbEqRQAV,515,,
a124W00000LbEqSQAV,516,,
a124W00000LbEqTQAV,517,,
a124W00000LbEtAQAV,518,,
a124W00000LbEtBQAV,519,,
a124W00000LbEtCQAV,520,,
a124W00000LbEtDQAV,521,,
a124W00000LbEtEQAV,522,,
a124W00000LbEtFQAV,523,,
a124W00000LbEtGQAV,524,,
a124W00000LbEtHQAV,525,,
a124W00000LbEtIQAV,526,,
a124W00000LbEtJQAV,527,,
a124W00000LbEtKQAV,528,,
a124W00000LbEtLQAV,529,,
a124W00000LbEtMQAV,530,,
a124W00000LbEtNQAV,531,,
a124W00000LbEwiQAF,532,,
a124W00000LbEwjQAF,533,,
a124W00000LbEwkQAF,534,,
a124W00000LbEwlQAF,535,,
a124W00000LbEwmQAF,536,,
a124W00000LbEwnQAF,537,,
a124W00000LbEwoQAF,538,,
a124W00000LbEwpQAF,539,,
a124W00000LbEwqQAF,540,,
a124W00000LbEwrQAF,541,,
a124W00000LbEwsQAF,542,,
a124W00000LbEwtQAF,543,,
a124W00000LbEwuQAF,544,,
